ID,Category,Subcategory,Title,Template,Description,Variables,Platform_Optimized,Complexity
PHOT_001,Photography,Portrait,Professional Executive Portrait Variation 1,"professional executive portrait of {subject}, {style}, {lighting}, {quality}",Professional professional executive portrait template,"subject, style, lighting, quality modifiers",All platforms,Medium
PHOT_002,Photography,Portrait,Professional Executive Portrait Variation 2,"professional executive portrait of {subject}, {style}, {lighting}, {quality}",Professional professional executive portrait template,"subject, style, lighting, quality modifiers",All platforms,Medium
PHOT_003,Photography,Portrait,Professional Executive Portrait Variation 3,"professional executive portrait of {subject}, {style}, {lighting}, {quality}",Professional professional executive portrait template,"subject, style, lighting, quality modifiers",All platforms,Medium
PHOT_004,Photography,Portrait,Professional Executive Portrait Variation 4,"professional executive portrait of {subject}, {style}, {lighting}, {quality}",Professional professional executive portrait template,"subject, style, lighting, quality modifiers",All platforms,Medium
PHOT_005,Photography,Portrait,Fashion Editorial Portrait Variation 1,"fashion editorial portrait of {subject}, {style}, {lighting}, {quality}",Professional fashion editorial portrait template,"subject, style, lighting, quality modifiers",All platforms,Medium
PHOT_006,Photography,Portrait,Fashion Editorial Portrait Variation 2,"fashion editorial portrait of {subject}, {style}, {lighting}, {quality}",Professional fashion editorial portrait template,"subject, style, lighting, quality modifiers",All platforms,Medium
PHOT_007,Photography,Portrait,Fashion Editorial Portrait Variation 3,"fashion editorial portrait of {subject}, {style}, {lighting}, {quality}",Professional fashion editorial portrait template,"subject, style, lighting, quality modifiers",All platforms,Medium
PHOT_008,Photography,Portrait,Fashion Editorial Portrait Variation 4,"fashion editorial portrait of {subject}, {style}, {lighting}, {quality}",Professional fashion editorial portrait template,"subject, style, lighting, quality modifiers",All platforms,Medium
PHOT_009,Photography,Portrait,Environmental Portrait Variation 1,"environmental portrait of {subject}, {style}, {lighting}, {quality}",Professional environmental portrait template,"subject, style, lighting, quality modifiers",All platforms,Medium
PHOT_010,Photography,Portrait,Environmental Portrait Variation 2,"environmental portrait of {subject}, {style}, {lighting}, {quality}",Professional environmental portrait template,"subject, style, lighting, quality modifiers",All platforms,Medium
PHOT_011,Photography,Portrait,Environmental Portrait Variation 3,"environmental portrait of {subject}, {style}, {lighting}, {quality}",Professional environmental portrait template,"subject, style, lighting, quality modifiers",All platforms,Medium
PHOT_012,Photography,Portrait,Environmental Portrait Variation 4,"environmental portrait of {subject}, {style}, {lighting}, {quality}",Professional environmental portrait template,"subject, style, lighting, quality modifiers",All platforms,Medium
PHOT_013,Photography,General,Street Photography Scene Variation 1,"street photography scene of {subject}, {style}, {lighting}, {quality}",Professional street photography scene template,"subject, style, lighting, quality modifiers",All platforms,Medium
PHOT_014,Photography,General,Street Photography Scene Variation 2,"street photography scene of {subject}, {style}, {lighting}, {quality}",Professional street photography scene template,"subject, style, lighting, quality modifiers",All platforms,Medium
PHOT_015,Photography,General,Street Photography Scene Variation 3,"street photography scene of {subject}, {style}, {lighting}, {quality}",Professional street photography scene template,"subject, style, lighting, quality modifiers",All platforms,Medium
PHOT_016,Photography,General,Street Photography Scene Variation 4,"street photography scene of {subject}, {style}, {lighting}, {quality}",Professional street photography scene template,"subject, style, lighting, quality modifiers",All platforms,Medium
PHOT_017,Photography,Landscape,Landscape Photography Variation 1,"landscape photography of {subject}, {style}, {lighting}, {quality}",Professional landscape photography template,"subject, style, lighting, quality modifiers",All platforms,Medium
PHOT_018,Photography,Landscape,Landscape Photography Variation 2,"landscape photography of {subject}, {style}, {lighting}, {quality}",Professional landscape photography template,"subject, style, lighting, quality modifiers",All platforms,Medium
PHOT_019,Photography,Landscape,Landscape Photography Variation 3,"landscape photography of {subject}, {style}, {lighting}, {quality}",Professional landscape photography template,"subject, style, lighting, quality modifiers",All platforms,Medium
PHOT_020,Photography,Landscape,Landscape Photography Variation 4,"landscape photography of {subject}, {style}, {lighting}, {quality}",Professional landscape photography template,"subject, style, lighting, quality modifiers",All platforms,Medium
PHOT_021,Photography,General,Macro Flower Photography Variation 1,"macro flower photography of {subject}, {style}, {lighting}, {quality}",Professional macro flower photography template,"subject, style, lighting, quality modifiers",All platforms,Medium
PHOT_022,Photography,General,Macro Flower Photography Variation 2,"macro flower photography of {subject}, {style}, {lighting}, {quality}",Professional macro flower photography template,"subject, style, lighting, quality modifiers",All platforms,Medium
PHOT_023,Photography,General,Macro Flower Photography Variation 3,"macro flower photography of {subject}, {style}, {lighting}, {quality}",Professional macro flower photography template,"subject, style, lighting, quality modifiers",All platforms,Medium
PHOT_024,Photography,General,Macro Flower Photography Variation 4,"macro flower photography of {subject}, {style}, {lighting}, {quality}",Professional macro flower photography template,"subject, style, lighting, quality modifiers",All platforms,Medium
PHOT_025,Photography,Portrait,Wildlife Animal Portrait Variation 1,"wildlife animal portrait of {subject}, {style}, {lighting}, {quality}",Professional wildlife animal portrait template,"subject, style, lighting, quality modifiers",All platforms,Medium
PHOT_026,Photography,Portrait,Wildlife Animal Portrait Variation 2,"wildlife animal portrait of {subject}, {style}, {lighting}, {quality}",Professional wildlife animal portrait template,"subject, style, lighting, quality modifiers",All platforms,Medium
PHOT_027,Photography,Portrait,Wildlife Animal Portrait Variation 3,"wildlife animal portrait of {subject}, {style}, {lighting}, {quality}",Professional wildlife animal portrait template,"subject, style, lighting, quality modifiers",All platforms,Medium
PHOT_028,Photography,Portrait,Wildlife Animal Portrait Variation 4,"wildlife animal portrait of {subject}, {style}, {lighting}, {quality}",Professional wildlife animal portrait template,"subject, style, lighting, quality modifiers",All platforms,Medium
PHOT_029,Photography,General,Architectural Photography Variation 1,"architectural photography of {subject}, {style}, {lighting}, {quality}",Professional architectural photography template,"subject, style, lighting, quality modifiers",All platforms,Medium
PHOT_030,Photography,General,Architectural Photography Variation 2,"architectural photography of {subject}, {style}, {lighting}, {quality}",Professional architectural photography template,"subject, style, lighting, quality modifiers",All platforms,Medium
PHOT_031,Photography,General,Architectural Photography Variation 3,"architectural photography of {subject}, {style}, {lighting}, {quality}",Professional architectural photography template,"subject, style, lighting, quality modifiers",All platforms,Medium
PHOT_032,Photography,General,Architectural Photography Variation 4,"architectural photography of {subject}, {style}, {lighting}, {quality}",Professional architectural photography template,"subject, style, lighting, quality modifiers",All platforms,Medium
PHOT_033,Photography,General,Product Photography Variation 1,"product photography of {subject}, {style}, {lighting}, {quality}",Professional product photography template,"subject, style, lighting, quality modifiers",All platforms,Medium
PHOT_034,Photography,General,Product Photography Variation 2,"product photography of {subject}, {style}, {lighting}, {quality}",Professional product photography template,"subject, style, lighting, quality modifiers",All platforms,Medium
PHOT_035,Photography,General,Product Photography Variation 3,"product photography of {subject}, {style}, {lighting}, {quality}",Professional product photography template,"subject, style, lighting, quality modifiers",All platforms,Medium
PHOT_036,Photography,General,Product Photography Variation 4,"product photography of {subject}, {style}, {lighting}, {quality}",Professional product photography template,"subject, style, lighting, quality modifiers",All platforms,Medium
PHOT_037,Photography,General,Food Photography Variation 1,"food photography of {subject}, {style}, {lighting}, {quality}",Professional food photography template,"subject, style, lighting, quality modifiers",All platforms,Medium
PHOT_038,Photography,General,Food Photography Variation 2,"food photography of {subject}, {style}, {lighting}, {quality}",Professional food photography template,"subject, style, lighting, quality modifiers",All platforms,Medium
PHOT_039,Photography,General,Food Photography Variation 3,"food photography of {subject}, {style}, {lighting}, {quality}",Professional food photography template,"subject, style, lighting, quality modifiers",All platforms,Medium
PHOT_040,Photography,General,Food Photography Variation 4,"food photography of {subject}, {style}, {lighting}, {quality}",Professional food photography template,"subject, style, lighting, quality modifiers",All platforms,Medium
PHOT_041,Photography,General,Wedding Photography Variation 1,"wedding photography of {subject}, {style}, {lighting}, {quality}",Professional wedding photography template,"subject, style, lighting, quality modifiers",All platforms,Medium
PHOT_042,Photography,General,Wedding Photography Variation 2,"wedding photography of {subject}, {style}, {lighting}, {quality}",Professional wedding photography template,"subject, style, lighting, quality modifiers",All platforms,Medium
PHOT_043,Photography,General,Wedding Photography Variation 3,"wedding photography of {subject}, {style}, {lighting}, {quality}",Professional wedding photography template,"subject, style, lighting, quality modifiers",All platforms,Medium
PHOT_044,Photography,General,Wedding Photography Variation 4,"wedding photography of {subject}, {style}, {lighting}, {quality}",Professional wedding photography template,"subject, style, lighting, quality modifiers",All platforms,Medium
PHOT_045,Photography,Portrait,Family Portrait Variation 1,"family portrait of {subject}, {style}, {lighting}, {quality}",Professional family portrait template,"subject, style, lighting, quality modifiers",All platforms,Medium
PHOT_046,Photography,Portrait,Family Portrait Variation 2,"family portrait of {subject}, {style}, {lighting}, {quality}",Professional family portrait template,"subject, style, lighting, quality modifiers",All platforms,Medium
PHOT_047,Photography,Portrait,Family Portrait Variation 3,"family portrait of {subject}, {style}, {lighting}, {quality}",Professional family portrait template,"subject, style, lighting, quality modifiers",All platforms,Medium
PHOT_048,Photography,Portrait,Family Portrait Variation 4,"family portrait of {subject}, {style}, {lighting}, {quality}",Professional family portrait template,"subject, style, lighting, quality modifiers",All platforms,Medium
PHOT_049,Photography,General,Headshot Photography Variation 1,"headshot photography of {subject}, {style}, {lighting}, {quality}",Professional headshot photography template,"subject, style, lighting, quality modifiers",All platforms,Medium
PHOT_050,Photography,General,Headshot Photography Variation 2,"headshot photography of {subject}, {style}, {lighting}, {quality}",Professional headshot photography template,"subject, style, lighting, quality modifiers",All platforms,Medium
PHOT_051,Photography,General,Headshot Photography Variation 3,"headshot photography of {subject}, {style}, {lighting}, {quality}",Professional headshot photography template,"subject, style, lighting, quality modifiers",All platforms,Medium
PHOT_052,Photography,General,Headshot Photography Variation 4,"headshot photography of {subject}, {style}, {lighting}, {quality}",Professional headshot photography template,"subject, style, lighting, quality modifiers",All platforms,Medium
PHOT_053,Photography,General,Fine Art Nude Variation 1,"fine art nude of {subject}, {style}, {lighting}, {quality}",Professional fine art nude template,"subject, style, lighting, quality modifiers",All platforms,Medium
PHOT_054,Photography,General,Fine Art Nude Variation 2,"fine art nude of {subject}, {style}, {lighting}, {quality}",Professional fine art nude template,"subject, style, lighting, quality modifiers",All platforms,Medium
PHOT_055,Photography,General,Fine Art Nude Variation 3,"fine art nude of {subject}, {style}, {lighting}, {quality}",Professional fine art nude template,"subject, style, lighting, quality modifiers",All platforms,Medium
PHOT_056,Photography,General,Fine Art Nude Variation 4,"fine art nude of {subject}, {style}, {lighting}, {quality}",Professional fine art nude template,"subject, style, lighting, quality modifiers",All platforms,Medium
PHOT_057,Photography,Portrait,Conceptual Portrait Variation 1,"conceptual portrait of {subject}, {style}, {lighting}, {quality}",Professional conceptual portrait template,"subject, style, lighting, quality modifiers",All platforms,Medium
PHOT_058,Photography,Portrait,Conceptual Portrait Variation 2,"conceptual portrait of {subject}, {style}, {lighting}, {quality}",Professional conceptual portrait template,"subject, style, lighting, quality modifiers",All platforms,Medium
PHOT_059,Photography,Portrait,Conceptual Portrait Variation 3,"conceptual portrait of {subject}, {style}, {lighting}, {quality}",Professional conceptual portrait template,"subject, style, lighting, quality modifiers",All platforms,Medium
PHOT_060,Photography,Portrait,Conceptual Portrait Variation 4,"conceptual portrait of {subject}, {style}, {lighting}, {quality}",Professional conceptual portrait template,"subject, style, lighting, quality modifiers",All platforms,Medium
PHOT_061,Photography,General,Documentary Photography Variation 1,"documentary photography of {subject}, {style}, {lighting}, {quality}",Professional documentary photography template,"subject, style, lighting, quality modifiers",All platforms,Medium
PHOT_062,Photography,General,Documentary Photography Variation 2,"documentary photography of {subject}, {style}, {lighting}, {quality}",Professional documentary photography template,"subject, style, lighting, quality modifiers",All platforms,Medium
PHOT_063,Photography,General,Documentary Photography Variation 3,"documentary photography of {subject}, {style}, {lighting}, {quality}",Professional documentary photography template,"subject, style, lighting, quality modifiers",All platforms,Medium
PHOT_064,Photography,General,Documentary Photography Variation 4,"documentary photography of {subject}, {style}, {lighting}, {quality}",Professional documentary photography template,"subject, style, lighting, quality modifiers",All platforms,Medium
PHOT_065,Photography,General,Travel Photography Variation 1,"travel photography of {subject}, {style}, {lighting}, {quality}",Professional travel photography template,"subject, style, lighting, quality modifiers",All platforms,Medium
PHOT_066,Photography,General,Travel Photography Variation 2,"travel photography of {subject}, {style}, {lighting}, {quality}",Professional travel photography template,"subject, style, lighting, quality modifiers",All platforms,Medium
PHOT_067,Photography,General,Travel Photography Variation 3,"travel photography of {subject}, {style}, {lighting}, {quality}",Professional travel photography template,"subject, style, lighting, quality modifiers",All platforms,Medium
PHOT_068,Photography,General,Travel Photography Variation 4,"travel photography of {subject}, {style}, {lighting}, {quality}",Professional travel photography template,"subject, style, lighting, quality modifiers",All platforms,Medium
PHOT_069,Photography,General,Urban Cityscape Variation 1,"urban cityscape of {subject}, {style}, {lighting}, {quality}",Professional urban cityscape template,"subject, style, lighting, quality modifiers",All platforms,Medium
PHOT_070,Photography,General,Urban Cityscape Variation 2,"urban cityscape of {subject}, {style}, {lighting}, {quality}",Professional urban cityscape template,"subject, style, lighting, quality modifiers",All platforms,Medium
PHOT_071,Photography,General,Urban Cityscape Variation 3,"urban cityscape of {subject}, {style}, {lighting}, {quality}",Professional urban cityscape template,"subject, style, lighting, quality modifiers",All platforms,Medium
PHOT_072,Photography,General,Urban Cityscape Variation 4,"urban cityscape of {subject}, {style}, {lighting}, {quality}",Professional urban cityscape template,"subject, style, lighting, quality modifiers",All platforms,Medium
PHOT_073,Photography,Landscape,Nature Landscape Variation 1,"nature landscape of {subject}, {style}, {lighting}, {quality}",Professional nature landscape template,"subject, style, lighting, quality modifiers",All platforms,Medium
PHOT_074,Photography,Landscape,Nature Landscape Variation 2,"nature landscape of {subject}, {style}, {lighting}, {quality}",Professional nature landscape template,"subject, style, lighting, quality modifiers",All platforms,Medium
PHOT_075,Photography,Landscape,Nature Landscape Variation 3,"nature landscape of {subject}, {style}, {lighting}, {quality}",Professional nature landscape template,"subject, style, lighting, quality modifiers",All platforms,Medium
PHOT_076,Photography,Landscape,Nature Landscape Variation 4,"nature landscape of {subject}, {style}, {lighting}, {quality}",Professional nature landscape template,"subject, style, lighting, quality modifiers",All platforms,Medium
PHOT_077,Photography,General,Seascape Photography Variation 1,"seascape photography of {subject}, {style}, {lighting}, {quality}",Professional seascape photography template,"subject, style, lighting, quality modifiers",All platforms,Medium
PHOT_078,Photography,General,Seascape Photography Variation 2,"seascape photography of {subject}, {style}, {lighting}, {quality}",Professional seascape photography template,"subject, style, lighting, quality modifiers",All platforms,Medium
PHOT_079,Photography,General,Seascape Photography Variation 3,"seascape photography of {subject}, {style}, {lighting}, {quality}",Professional seascape photography template,"subject, style, lighting, quality modifiers",All platforms,Medium
PHOT_080,Photography,General,Seascape Photography Variation 4,"seascape photography of {subject}, {style}, {lighting}, {quality}",Professional seascape photography template,"subject, style, lighting, quality modifiers",All platforms,Medium
PHOT_081,Photography,General,Abstract Photography Variation 1,"abstract photography of {subject}, {style}, {lighting}, {quality}",Professional abstract photography template,"subject, style, lighting, quality modifiers",All platforms,Medium
PHOT_082,Photography,General,Abstract Photography Variation 2,"abstract photography of {subject}, {style}, {lighting}, {quality}",Professional abstract photography template,"subject, style, lighting, quality modifiers",All platforms,Medium
PHOT_083,Photography,General,Abstract Photography Variation 3,"abstract photography of {subject}, {style}, {lighting}, {quality}",Professional abstract photography template,"subject, style, lighting, quality modifiers",All platforms,Medium
PHOT_084,Photography,General,Abstract Photography Variation 4,"abstract photography of {subject}, {style}, {lighting}, {quality}",Professional abstract photography template,"subject, style, lighting, quality modifiers",All platforms,Medium
PHOT_085,Photography,Portrait,Black And White Portrait Variation 1,"black and white portrait of {subject}, {style}, {lighting}, {quality}",Professional black and white portrait template,"subject, style, lighting, quality modifiers",All platforms,Medium
PHOT_086,Photography,Portrait,Black And White Portrait Variation 2,"black and white portrait of {subject}, {style}, {lighting}, {quality}",Professional black and white portrait template,"subject, style, lighting, quality modifiers",All platforms,Medium
PHOT_087,Photography,Portrait,Black And White Portrait Variation 3,"black and white portrait of {subject}, {style}, {lighting}, {quality}",Professional black and white portrait template,"subject, style, lighting, quality modifiers",All platforms,Medium
PHOT_088,Photography,Portrait,Black And White Portrait Variation 4,"black and white portrait of {subject}, {style}, {lighting}, {quality}",Professional black and white portrait template,"subject, style, lighting, quality modifiers",All platforms,Medium
PHOT_089,Photography,General,Vintage Style Photo Variation 1,"vintage style photo of {subject}, {style}, {lighting}, {quality}",Professional vintage style photo template,"subject, style, lighting, quality modifiers",All platforms,Medium
PHOT_090,Photography,General,Vintage Style Photo Variation 2,"vintage style photo of {subject}, {style}, {lighting}, {quality}",Professional vintage style photo template,"subject, style, lighting, quality modifiers",All platforms,Medium
PHOT_091,Photography,General,Vintage Style Photo Variation 3,"vintage style photo of {subject}, {style}, {lighting}, {quality}",Professional vintage style photo template,"subject, style, lighting, quality modifiers",All platforms,Medium
PHOT_092,Photography,General,Vintage Style Photo Variation 4,"vintage style photo of {subject}, {style}, {lighting}, {quality}",Professional vintage style photo template,"subject, style, lighting, quality modifiers",All platforms,Medium
PHOT_093,Photography,General,Retro Photography Variation 1,"retro photography of {subject}, {style}, {lighting}, {quality}",Professional retro photography template,"subject, style, lighting, quality modifiers",All platforms,Medium
PHOT_094,Photography,General,Retro Photography Variation 2,"retro photography of {subject}, {style}, {lighting}, {quality}",Professional retro photography template,"subject, style, lighting, quality modifiers",All platforms,Medium
PHOT_095,Photography,General,Retro Photography Variation 3,"retro photography of {subject}, {style}, {lighting}, {quality}",Professional retro photography template,"subject, style, lighting, quality modifiers",All platforms,Medium
PHOT_096,Photography,General,Retro Photography Variation 4,"retro photography of {subject}, {style}, {lighting}, {quality}",Professional retro photography template,"subject, style, lighting, quality modifiers",All platforms,Medium
PHOT_097,Photography,General,Film Photography Variation 1,"film photography of {subject}, {style}, {lighting}, {quality}",Professional film photography template,"subject, style, lighting, quality modifiers",All platforms,Medium
PHOT_098,Photography,General,Film Photography Variation 2,"film photography of {subject}, {style}, {lighting}, {quality}",Professional film photography template,"subject, style, lighting, quality modifiers",All platforms,Medium
PHOT_099,Photography,General,Film Photography Variation 3,"film photography of {subject}, {style}, {lighting}, {quality}",Professional film photography template,"subject, style, lighting, quality modifiers",All platforms,Medium
PHOT_100,Photography,General,Film Photography Variation 4,"film photography of {subject}, {style}, {lighting}, {quality}",Professional film photography template,"subject, style, lighting, quality modifiers",All platforms,Medium
DIGI_101,Digital Art,Concept Art,Concept Art Character Design Variation 1,"concept art character design, {style}, {mood}, {details}, {quality}",Professional concept art character design template,"style, mood, details, quality modifiers","Midjourney, Stable Diffusion",High
DIGI_102,Digital Art,Concept Art,Concept Art Character Design Variation 2,"concept art character design, {style}, {mood}, {details}, {quality}",Professional concept art character design template,"style, mood, details, quality modifiers","Midjourney, Stable Diffusion",High
DIGI_103,Digital Art,Concept Art,Concept Art Character Design Variation 3,"concept art character design, {style}, {mood}, {details}, {quality}",Professional concept art character design template,"style, mood, details, quality modifiers","Midjourney, Stable Diffusion",High
DIGI_104,Digital Art,Concept Art,Concept Art Character Design Variation 4,"concept art character design, {style}, {mood}, {details}, {quality}",Professional concept art character design template,"style, mood, details, quality modifiers","Midjourney, Stable Diffusion",High
DIGI_105,Digital Art,Environment,Fantasy Landscape Matte Painting Variation 1,"fantasy landscape matte painting, {style}, {mood}, {details}, {quality}",Professional fantasy landscape matte painting template,"style, mood, details, quality modifiers","Midjourney, Stable Diffusion",High
DIGI_106,Digital Art,Environment,Fantasy Landscape Matte Painting Variation 2,"fantasy landscape matte painting, {style}, {mood}, {details}, {quality}",Professional fantasy landscape matte painting template,"style, mood, details, quality modifiers","Midjourney, Stable Diffusion",High
DIGI_107,Digital Art,Environment,Fantasy Landscape Matte Painting Variation 3,"fantasy landscape matte painting, {style}, {mood}, {details}, {quality}",Professional fantasy landscape matte painting template,"style, mood, details, quality modifiers","Midjourney, Stable Diffusion",High
DIGI_108,Digital Art,Environment,Fantasy Landscape Matte Painting Variation 4,"fantasy landscape matte painting, {style}, {mood}, {details}, {quality}",Professional fantasy landscape matte painting template,"style, mood, details, quality modifiers","Midjourney, Stable Diffusion",High
DIGI_109,Digital Art,Concept Art,Sci-Fi Environment Concept Variation 1,"sci-fi environment concept, {style}, {mood}, {details}, {quality}",Professional sci-fi environment concept template,"style, mood, details, quality modifiers","Midjourney, Stable Diffusion",High
DIGI_110,Digital Art,Concept Art,Sci-Fi Environment Concept Variation 2,"sci-fi environment concept, {style}, {mood}, {details}, {quality}",Professional sci-fi environment concept template,"style, mood, details, quality modifiers","Midjourney, Stable Diffusion",High
DIGI_111,Digital Art,Concept Art,Sci-Fi Environment Concept Variation 3,"sci-fi environment concept, {style}, {mood}, {details}, {quality}",Professional sci-fi environment concept template,"style, mood, details, quality modifiers","Midjourney, Stable Diffusion",High
DIGI_112,Digital Art,Concept Art,Sci-Fi Environment Concept Variation 4,"sci-fi environment concept, {style}, {mood}, {details}, {quality}",Professional sci-fi environment concept template,"style, mood, details, quality modifiers","Midjourney, Stable Diffusion",High
DIGI_113,Digital Art,Character Design,Character Design Sheet Variation 1,"character design sheet, {style}, {mood}, {details}, {quality}",Professional character design sheet template,"style, mood, details, quality modifiers","Midjourney, Stable Diffusion",High
DIGI_114,Digital Art,Character Design,Character Design Sheet Variation 2,"character design sheet, {style}, {mood}, {details}, {quality}",Professional character design sheet template,"style, mood, details, quality modifiers","Midjourney, Stable Diffusion",High
DIGI_115,Digital Art,Character Design,Character Design Sheet Variation 3,"character design sheet, {style}, {mood}, {details}, {quality}",Professional character design sheet template,"style, mood, details, quality modifiers","Midjourney, Stable Diffusion",High
DIGI_116,Digital Art,Character Design,Character Design Sheet Variation 4,"character design sheet, {style}, {mood}, {details}, {quality}",Professional character design sheet template,"style, mood, details, quality modifiers","Midjourney, Stable Diffusion",High
DIGI_117,Digital Art,Concept Art,Vehicle Concept Art Variation 1,"vehicle concept art, {style}, {mood}, {details}, {quality}",Professional vehicle concept art template,"style, mood, details, quality modifiers","Midjourney, Stable Diffusion",High
DIGI_118,Digital Art,Concept Art,Vehicle Concept Art Variation 2,"vehicle concept art, {style}, {mood}, {details}, {quality}",Professional vehicle concept art template,"style, mood, details, quality modifiers","Midjourney, Stable Diffusion",High
DIGI_119,Digital Art,Concept Art,Vehicle Concept Art Variation 3,"vehicle concept art, {style}, {mood}, {details}, {quality}",Professional vehicle concept art template,"style, mood, details, quality modifiers","Midjourney, Stable Diffusion",High
DIGI_120,Digital Art,Concept Art,Vehicle Concept Art Variation 4,"vehicle concept art, {style}, {mood}, {details}, {quality}",Professional vehicle concept art template,"style, mood, details, quality modifiers","Midjourney, Stable Diffusion",High
DIGI_121,Digital Art,Environment,Creature Design Variation 1,"creature design, {style}, {mood}, {details}, {quality}",Professional creature design template,"style, mood, details, quality modifiers","Midjourney, Stable Diffusion",High
DIGI_122,Digital Art,Environment,Creature Design Variation 2,"creature design, {style}, {mood}, {details}, {quality}",Professional creature design template,"style, mood, details, quality modifiers","Midjourney, Stable Diffusion",High
DIGI_123,Digital Art,Environment,Creature Design Variation 3,"creature design, {style}, {mood}, {details}, {quality}",Professional creature design template,"style, mood, details, quality modifiers","Midjourney, Stable Diffusion",High
DIGI_124,Digital Art,Environment,Creature Design Variation 4,"creature design, {style}, {mood}, {details}, {quality}",Professional creature design template,"style, mood, details, quality modifiers","Midjourney, Stable Diffusion",High
DIGI_125,Digital Art,Environment,Weapon Design Variation 1,"weapon design, {style}, {mood}, {details}, {quality}",Professional weapon design template,"style, mood, details, quality modifiers","Midjourney, Stable Diffusion",High
DIGI_126,Digital Art,Environment,Weapon Design Variation 2,"weapon design, {style}, {mood}, {details}, {quality}",Professional weapon design template,"style, mood, details, quality modifiers","Midjourney, Stable Diffusion",High
DIGI_127,Digital Art,Environment,Weapon Design Variation 3,"weapon design, {style}, {mood}, {details}, {quality}",Professional weapon design template,"style, mood, details, quality modifiers","Midjourney, Stable Diffusion",High
DIGI_128,Digital Art,Environment,Weapon Design Variation 4,"weapon design, {style}, {mood}, {details}, {quality}",Professional weapon design template,"style, mood, details, quality modifiers","Midjourney, Stable Diffusion",High
DIGI_129,Digital Art,Concept Art,Architectural Concept Variation 1,"architectural concept, {style}, {mood}, {details}, {quality}",Professional architectural concept template,"style, mood, details, quality modifiers","Midjourney, Stable Diffusion",High
DIGI_130,Digital Art,Concept Art,Architectural Concept Variation 2,"architectural concept, {style}, {mood}, {details}, {quality}",Professional architectural concept template,"style, mood, details, quality modifiers","Midjourney, Stable Diffusion",High
DIGI_131,Digital Art,Concept Art,Architectural Concept Variation 3,"architectural concept, {style}, {mood}, {details}, {quality}",Professional architectural concept template,"style, mood, details, quality modifiers","Midjourney, Stable Diffusion",High
DIGI_132,Digital Art,Concept Art,Architectural Concept Variation 4,"architectural concept, {style}, {mood}, {details}, {quality}",Professional architectural concept template,"style, mood, details, quality modifiers","Midjourney, Stable Diffusion",High
DIGI_133,Digital Art,Environment,Prop Design Variation 1,"prop design, {style}, {mood}, {details}, {quality}",Professional prop design template,"style, mood, details, quality modifiers","Midjourney, Stable Diffusion",High
DIGI_134,Digital Art,Environment,Prop Design Variation 2,"prop design, {style}, {mood}, {details}, {quality}",Professional prop design template,"style, mood, details, quality modifiers","Midjourney, Stable Diffusion",High
DIGI_135,Digital Art,Environment,Prop Design Variation 3,"prop design, {style}, {mood}, {details}, {quality}",Professional prop design template,"style, mood, details, quality modifiers","Midjourney, Stable Diffusion",High
DIGI_136,Digital Art,Environment,Prop Design Variation 4,"prop design, {style}, {mood}, {details}, {quality}",Professional prop design template,"style, mood, details, quality modifiers","Midjourney, Stable Diffusion",High
DIGI_137,Digital Art,Concept Art,Environment Concept Variation 1,"environment concept, {style}, {mood}, {details}, {quality}",Professional environment concept template,"style, mood, details, quality modifiers","Midjourney, Stable Diffusion",High
DIGI_138,Digital Art,Concept Art,Environment Concept Variation 2,"environment concept, {style}, {mood}, {details}, {quality}",Professional environment concept template,"style, mood, details, quality modifiers","Midjourney, Stable Diffusion",High
DIGI_139,Digital Art,Concept Art,Environment Concept Variation 3,"environment concept, {style}, {mood}, {details}, {quality}",Professional environment concept template,"style, mood, details, quality modifiers","Midjourney, Stable Diffusion",High
DIGI_140,Digital Art,Concept Art,Environment Concept Variation 4,"environment concept, {style}, {mood}, {details}, {quality}",Professional environment concept template,"style, mood, details, quality modifiers","Midjourney, Stable Diffusion",High
DIGI_141,Digital Art,Environment,Digital Illustration Variation 1,"digital illustration, {style}, {mood}, {details}, {quality}",Professional digital illustration template,"style, mood, details, quality modifiers","Midjourney, Stable Diffusion",High
DIGI_142,Digital Art,Environment,Digital Illustration Variation 2,"digital illustration, {style}, {mood}, {details}, {quality}",Professional digital illustration template,"style, mood, details, quality modifiers","Midjourney, Stable Diffusion",High
DIGI_143,Digital Art,Environment,Digital Illustration Variation 3,"digital illustration, {style}, {mood}, {details}, {quality}",Professional digital illustration template,"style, mood, details, quality modifiers","Midjourney, Stable Diffusion",High
DIGI_144,Digital Art,Environment,Digital Illustration Variation 4,"digital illustration, {style}, {mood}, {details}, {quality}",Professional digital illustration template,"style, mood, details, quality modifiers","Midjourney, Stable Diffusion",High
DIGI_145,Digital Art,Character Design,Fantasy Character Portrait Variation 1,"fantasy character portrait, {style}, {mood}, {details}, {quality}",Professional fantasy character portrait template,"style, mood, details, quality modifiers","Midjourney, Stable Diffusion",High
DIGI_146,Digital Art,Character Design,Fantasy Character Portrait Variation 2,"fantasy character portrait, {style}, {mood}, {details}, {quality}",Professional fantasy character portrait template,"style, mood, details, quality modifiers","Midjourney, Stable Diffusion",High
DIGI_147,Digital Art,Character Design,Fantasy Character Portrait Variation 3,"fantasy character portrait, {style}, {mood}, {details}, {quality}",Professional fantasy character portrait template,"style, mood, details, quality modifiers","Midjourney, Stable Diffusion",High
DIGI_148,Digital Art,Character Design,Fantasy Character Portrait Variation 4,"fantasy character portrait, {style}, {mood}, {details}, {quality}",Professional fantasy character portrait template,"style, mood, details, quality modifiers","Midjourney, Stable Diffusion",High
DIGI_149,Digital Art,Environment,Cyberpunk Cityscape Variation 1,"cyberpunk cityscape, {style}, {mood}, {details}, {quality}",Professional cyberpunk cityscape template,"style, mood, details, quality modifiers","Midjourney, Stable Diffusion",High
DIGI_150,Digital Art,Environment,Cyberpunk Cityscape Variation 2,"cyberpunk cityscape, {style}, {mood}, {details}, {quality}",Professional cyberpunk cityscape template,"style, mood, details, quality modifiers","Midjourney, Stable Diffusion",High
DIGI_151,Digital Art,Environment,Cyberpunk Cityscape Variation 3,"cyberpunk cityscape, {style}, {mood}, {details}, {quality}",Professional cyberpunk cityscape template,"style, mood, details, quality modifiers","Midjourney, Stable Diffusion",High
DIGI_152,Digital Art,Environment,Cyberpunk Cityscape Variation 4,"cyberpunk cityscape, {style}, {mood}, {details}, {quality}",Professional cyberpunk cityscape template,"style, mood, details, quality modifiers","Midjourney, Stable Diffusion",High
DIGI_153,Digital Art,Environment,Steampunk Machinery Variation 1,"steampunk machinery, {style}, {mood}, {details}, {quality}",Professional steampunk machinery template,"style, mood, details, quality modifiers","Midjourney, Stable Diffusion",High
DIGI_154,Digital Art,Environment,Steampunk Machinery Variation 2,"steampunk machinery, {style}, {mood}, {details}, {quality}",Professional steampunk machinery template,"style, mood, details, quality modifiers","Midjourney, Stable Diffusion",High
DIGI_155,Digital Art,Environment,Steampunk Machinery Variation 3,"steampunk machinery, {style}, {mood}, {details}, {quality}",Professional steampunk machinery template,"style, mood, details, quality modifiers","Midjourney, Stable Diffusion",High
DIGI_156,Digital Art,Environment,Steampunk Machinery Variation 4,"steampunk machinery, {style}, {mood}, {details}, {quality}",Professional steampunk machinery template,"style, mood, details, quality modifiers","Midjourney, Stable Diffusion",High
DIGI_157,Digital Art,Environment,Alien World Variation 1,"alien world, {style}, {mood}, {details}, {quality}",Professional alien world template,"style, mood, details, quality modifiers","Midjourney, Stable Diffusion",High
DIGI_158,Digital Art,Environment,Alien World Variation 2,"alien world, {style}, {mood}, {details}, {quality}",Professional alien world template,"style, mood, details, quality modifiers","Midjourney, Stable Diffusion",High
DIGI_159,Digital Art,Environment,Alien World Variation 3,"alien world, {style}, {mood}, {details}, {quality}",Professional alien world template,"style, mood, details, quality modifiers","Midjourney, Stable Diffusion",High
DIGI_160,Digital Art,Environment,Alien World Variation 4,"alien world, {style}, {mood}, {details}, {quality}",Professional alien world template,"style, mood, details, quality modifiers","Midjourney, Stable Diffusion",High
DIGI_161,Digital Art,Environment,Magical Forest Scene Variation 1,"magical forest scene, {style}, {mood}, {details}, {quality}",Professional magical forest scene template,"style, mood, details, quality modifiers","Midjourney, Stable Diffusion",High
DIGI_162,Digital Art,Environment,Magical Forest Scene Variation 2,"magical forest scene, {style}, {mood}, {details}, {quality}",Professional magical forest scene template,"style, mood, details, quality modifiers","Midjourney, Stable Diffusion",High
DIGI_163,Digital Art,Environment,Magical Forest Scene Variation 3,"magical forest scene, {style}, {mood}, {details}, {quality}",Professional magical forest scene template,"style, mood, details, quality modifiers","Midjourney, Stable Diffusion",High
DIGI_164,Digital Art,Environment,Magical Forest Scene Variation 4,"magical forest scene, {style}, {mood}, {details}, {quality}",Professional magical forest scene template,"style, mood, details, quality modifiers","Midjourney, Stable Diffusion",High
DIGI_165,Digital Art,Environment,Underwater City Variation 1,"underwater city, {style}, {mood}, {details}, {quality}",Professional underwater city template,"style, mood, details, quality modifiers","Midjourney, Stable Diffusion",High
DIGI_166,Digital Art,Environment,Underwater City Variation 2,"underwater city, {style}, {mood}, {details}, {quality}",Professional underwater city template,"style, mood, details, quality modifiers","Midjourney, Stable Diffusion",High
DIGI_167,Digital Art,Environment,Underwater City Variation 3,"underwater city, {style}, {mood}, {details}, {quality}",Professional underwater city template,"style, mood, details, quality modifiers","Midjourney, Stable Diffusion",High
DIGI_168,Digital Art,Environment,Underwater City Variation 4,"underwater city, {style}, {mood}, {details}, {quality}",Professional underwater city template,"style, mood, details, quality modifiers","Midjourney, Stable Diffusion",High
DIGI_169,Digital Art,Environment,Floating Islands Variation 1,"floating islands, {style}, {mood}, {details}, {quality}",Professional floating islands template,"style, mood, details, quality modifiers","Midjourney, Stable Diffusion",High
DIGI_170,Digital Art,Environment,Floating Islands Variation 2,"floating islands, {style}, {mood}, {details}, {quality}",Professional floating islands template,"style, mood, details, quality modifiers","Midjourney, Stable Diffusion",High
DIGI_171,Digital Art,Environment,Floating Islands Variation 3,"floating islands, {style}, {mood}, {details}, {quality}",Professional floating islands template,"style, mood, details, quality modifiers","Midjourney, Stable Diffusion",High
DIGI_172,Digital Art,Environment,Floating Islands Variation 4,"floating islands, {style}, {mood}, {details}, {quality}",Professional floating islands template,"style, mood, details, quality modifiers","Midjourney, Stable Diffusion",High
DIGI_173,Digital Art,Environment,Post-Apocalyptic Wasteland Variation 1,"post-apocalyptic wasteland, {style}, {mood}, {details}, {quality}",Professional post-apocalyptic wasteland template,"style, mood, details, quality modifiers","Midjourney, Stable Diffusion",High
DIGI_174,Digital Art,Environment,Post-Apocalyptic Wasteland Variation 2,"post-apocalyptic wasteland, {style}, {mood}, {details}, {quality}",Professional post-apocalyptic wasteland template,"style, mood, details, quality modifiers","Midjourney, Stable Diffusion",High
DIGI_175,Digital Art,Environment,Post-Apocalyptic Wasteland Variation 3,"post-apocalyptic wasteland, {style}, {mood}, {details}, {quality}",Professional post-apocalyptic wasteland template,"style, mood, details, quality modifiers","Midjourney, Stable Diffusion",High
DIGI_176,Digital Art,Environment,Post-Apocalyptic Wasteland Variation 4,"post-apocalyptic wasteland, {style}, {mood}, {details}, {quality}",Professional post-apocalyptic wasteland template,"style, mood, details, quality modifiers","Midjourney, Stable Diffusion",High
DIGI_177,Digital Art,Environment,Medieval Castle Variation 1,"medieval castle, {style}, {mood}, {details}, {quality}",Professional medieval castle template,"style, mood, details, quality modifiers","Midjourney, Stable Diffusion",High
DIGI_178,Digital Art,Environment,Medieval Castle Variation 2,"medieval castle, {style}, {mood}, {details}, {quality}",Professional medieval castle template,"style, mood, details, quality modifiers","Midjourney, Stable Diffusion",High
DIGI_179,Digital Art,Environment,Medieval Castle Variation 3,"medieval castle, {style}, {mood}, {details}, {quality}",Professional medieval castle template,"style, mood, details, quality modifiers","Midjourney, Stable Diffusion",High
DIGI_180,Digital Art,Environment,Medieval Castle Variation 4,"medieval castle, {style}, {mood}, {details}, {quality}",Professional medieval castle template,"style, mood, details, quality modifiers","Midjourney, Stable Diffusion",High
DIGI_181,Digital Art,Environment,Futuristic Spaceship Variation 1,"futuristic spaceship, {style}, {mood}, {details}, {quality}",Professional futuristic spaceship template,"style, mood, details, quality modifiers","Midjourney, Stable Diffusion",High
DIGI_182,Digital Art,Environment,Futuristic Spaceship Variation 2,"futuristic spaceship, {style}, {mood}, {details}, {quality}",Professional futuristic spaceship template,"style, mood, details, quality modifiers","Midjourney, Stable Diffusion",High
DIGI_183,Digital Art,Environment,Futuristic Spaceship Variation 3,"futuristic spaceship, {style}, {mood}, {details}, {quality}",Professional futuristic spaceship template,"style, mood, details, quality modifiers","Midjourney, Stable Diffusion",High
DIGI_184,Digital Art,Environment,Futuristic Spaceship Variation 4,"futuristic spaceship, {style}, {mood}, {details}, {quality}",Professional futuristic spaceship template,"style, mood, details, quality modifiers","Midjourney, Stable Diffusion",High
DIGI_185,Digital Art,Environment,Robot Design Variation 1,"robot design, {style}, {mood}, {details}, {quality}",Professional robot design template,"style, mood, details, quality modifiers","Midjourney, Stable Diffusion",High
DIGI_186,Digital Art,Environment,Robot Design Variation 2,"robot design, {style}, {mood}, {details}, {quality}",Professional robot design template,"style, mood, details, quality modifiers","Midjourney, Stable Diffusion",High
DIGI_187,Digital Art,Environment,Robot Design Variation 3,"robot design, {style}, {mood}, {details}, {quality}",Professional robot design template,"style, mood, details, quality modifiers","Midjourney, Stable Diffusion",High
DIGI_188,Digital Art,Environment,Robot Design Variation 4,"robot design, {style}, {mood}, {details}, {quality}",Professional robot design template,"style, mood, details, quality modifiers","Midjourney, Stable Diffusion",High
DIGI_189,Digital Art,Environment,Monster Creature Variation 1,"monster creature, {style}, {mood}, {details}, {quality}",Professional monster creature template,"style, mood, details, quality modifiers","Midjourney, Stable Diffusion",High
DIGI_190,Digital Art,Environment,Monster Creature Variation 2,"monster creature, {style}, {mood}, {details}, {quality}",Professional monster creature template,"style, mood, details, quality modifiers","Midjourney, Stable Diffusion",High
DIGI_191,Digital Art,Environment,Monster Creature Variation 3,"monster creature, {style}, {mood}, {details}, {quality}",Professional monster creature template,"style, mood, details, quality modifiers","Midjourney, Stable Diffusion",High
DIGI_192,Digital Art,Environment,Monster Creature Variation 4,"monster creature, {style}, {mood}, {details}, {quality}",Professional monster creature template,"style, mood, details, quality modifiers","Midjourney, Stable Diffusion",High
DIGI_193,Digital Art,Environment,Epic Battle Scene Variation 1,"epic battle scene, {style}, {mood}, {details}, {quality}",Professional epic battle scene template,"style, mood, details, quality modifiers","Midjourney, Stable Diffusion",High
DIGI_194,Digital Art,Environment,Epic Battle Scene Variation 2,"epic battle scene, {style}, {mood}, {details}, {quality}",Professional epic battle scene template,"style, mood, details, quality modifiers","Midjourney, Stable Diffusion",High
DIGI_195,Digital Art,Environment,Epic Battle Scene Variation 3,"epic battle scene, {style}, {mood}, {details}, {quality}",Professional epic battle scene template,"style, mood, details, quality modifiers","Midjourney, Stable Diffusion",High
DIGI_196,Digital Art,Environment,Epic Battle Scene Variation 4,"epic battle scene, {style}, {mood}, {details}, {quality}",Professional epic battle scene template,"style, mood, details, quality modifiers","Midjourney, Stable Diffusion",High
DIGI_197,Digital Art,Environment,Peaceful Village Variation 1,"peaceful village, {style}, {mood}, {details}, {quality}",Professional peaceful village template,"style, mood, details, quality modifiers","Midjourney, Stable Diffusion",High
DIGI_198,Digital Art,Environment,Peaceful Village Variation 2,"peaceful village, {style}, {mood}, {details}, {quality}",Professional peaceful village template,"style, mood, details, quality modifiers","Midjourney, Stable Diffusion",High
DIGI_199,Digital Art,Environment,Peaceful Village Variation 3,"peaceful village, {style}, {mood}, {details}, {quality}",Professional peaceful village template,"style, mood, details, quality modifiers","Midjourney, Stable Diffusion",High
DIGI_200,Digital Art,Environment,Peaceful Village Variation 4,"peaceful village, {style}, {mood}, {details}, {quality}",Professional peaceful village template,"style, mood, details, quality modifiers","Midjourney, Stable Diffusion",High
REND_201,3D Rendering,Architecture,Architectural Visualization Variation 1,"3D architectural visualization, {materials}, {lighting}, {angle}, {quality}",Professional 3D architectural visualization template,"materials, lighting, angle, quality modifiers","Stable Diffusion, Flux AI",High
REND_202,3D Rendering,Architecture,Architectural Visualization Variation 2,"3D architectural visualization, {materials}, {lighting}, {angle}, {quality}",Professional 3D architectural visualization template,"materials, lighting, angle, quality modifiers","Stable Diffusion, Flux AI",High
REND_203,3D Rendering,Architecture,Architectural Visualization Variation 3,"3D architectural visualization, {materials}, {lighting}, {angle}, {quality}",Professional 3D architectural visualization template,"materials, lighting, angle, quality modifiers","Stable Diffusion, Flux AI",High
REND_204,3D Rendering,Architecture,Architectural Visualization Variation 4,"3D architectural visualization, {materials}, {lighting}, {angle}, {quality}",Professional 3D architectural visualization template,"materials, lighting, angle, quality modifiers","Stable Diffusion, Flux AI",High
REND_205,3D Rendering,Product,Product Rendering Variation 1,"3D product rendering, {materials}, {lighting}, {angle}, {quality}",Professional 3D product rendering template,"materials, lighting, angle, quality modifiers","Stable Diffusion, Flux AI",High
REND_206,3D Rendering,Product,Product Rendering Variation 2,"3D product rendering, {materials}, {lighting}, {angle}, {quality}",Professional 3D product rendering template,"materials, lighting, angle, quality modifiers","Stable Diffusion, Flux AI",High
REND_207,3D Rendering,Product,Product Rendering Variation 3,"3D product rendering, {materials}, {lighting}, {angle}, {quality}",Professional 3D product rendering template,"materials, lighting, angle, quality modifiers","Stable Diffusion, Flux AI",High
REND_208,3D Rendering,Product,Product Rendering Variation 4,"3D product rendering, {materials}, {lighting}, {angle}, {quality}",Professional 3D product rendering template,"materials, lighting, angle, quality modifiers","Stable Diffusion, Flux AI",High
REND_209,3D Rendering,Technical,Interior Design Variation 1,"3D interior design, {materials}, {lighting}, {angle}, {quality}",Professional 3D interior design template,"materials, lighting, angle, quality modifiers","Stable Diffusion, Flux AI",High
REND_210,3D Rendering,Technical,Interior Design Variation 2,"3D interior design, {materials}, {lighting}, {angle}, {quality}",Professional 3D interior design template,"materials, lighting, angle, quality modifiers","Stable Diffusion, Flux AI",High
REND_211,3D Rendering,Technical,Interior Design Variation 3,"3D interior design, {materials}, {lighting}, {angle}, {quality}",Professional 3D interior design template,"materials, lighting, angle, quality modifiers","Stable Diffusion, Flux AI",High
REND_212,3D Rendering,Technical,Interior Design Variation 4,"3D interior design, {materials}, {lighting}, {angle}, {quality}",Professional 3D interior design template,"materials, lighting, angle, quality modifiers","Stable Diffusion, Flux AI",High
REND_213,3D Rendering,Technical,Character Modeling Variation 1,"3D character modeling, {materials}, {lighting}, {angle}, {quality}",Professional 3D character modeling template,"materials, lighting, angle, quality modifiers","Stable Diffusion, Flux AI",High
REND_214,3D Rendering,Technical,Character Modeling Variation 2,"3D character modeling, {materials}, {lighting}, {angle}, {quality}",Professional 3D character modeling template,"materials, lighting, angle, quality modifiers","Stable Diffusion, Flux AI",High
REND_215,3D Rendering,Technical,Character Modeling Variation 3,"3D character modeling, {materials}, {lighting}, {angle}, {quality}",Professional 3D character modeling template,"materials, lighting, angle, quality modifiers","Stable Diffusion, Flux AI",High
REND_216,3D Rendering,Technical,Character Modeling Variation 4,"3D character modeling, {materials}, {lighting}, {angle}, {quality}",Professional 3D character modeling template,"materials, lighting, angle, quality modifiers","Stable Diffusion, Flux AI",High
REND_217,3D Rendering,Technical,Vehicle Rendering Variation 1,"3D vehicle rendering, {materials}, {lighting}, {angle}, {quality}",Professional 3D vehicle rendering template,"materials, lighting, angle, quality modifiers","Stable Diffusion, Flux AI",High
REND_218,3D Rendering,Technical,Vehicle Rendering Variation 2,"3D vehicle rendering, {materials}, {lighting}, {angle}, {quality}",Professional 3D vehicle rendering template,"materials, lighting, angle, quality modifiers","Stable Diffusion, Flux AI",High
REND_219,3D Rendering,Technical,Vehicle Rendering Variation 3,"3D vehicle rendering, {materials}, {lighting}, {angle}, {quality}",Professional 3D vehicle rendering template,"materials, lighting, angle, quality modifiers","Stable Diffusion, Flux AI",High
REND_220,3D Rendering,Technical,Vehicle Rendering Variation 4,"3D vehicle rendering, {materials}, {lighting}, {angle}, {quality}",Professional 3D vehicle rendering template,"materials, lighting, angle, quality modifiers","Stable Diffusion, Flux AI",High
REND_221,3D Rendering,Technical,Jewelry Design Variation 1,"3D jewelry design, {materials}, {lighting}, {angle}, {quality}",Professional 3D jewelry design template,"materials, lighting, angle, quality modifiers","Stable Diffusion, Flux AI",High
REND_222,3D Rendering,Technical,Jewelry Design Variation 2,"3D jewelry design, {materials}, {lighting}, {angle}, {quality}",Professional 3D jewelry design template,"materials, lighting, angle, quality modifiers","Stable Diffusion, Flux AI",High
REND_223,3D Rendering,Technical,Jewelry Design Variation 3,"3D jewelry design, {materials}, {lighting}, {angle}, {quality}",Professional 3D jewelry design template,"materials, lighting, angle, quality modifiers","Stable Diffusion, Flux AI",High
REND_224,3D Rendering,Technical,Jewelry Design Variation 4,"3D jewelry design, {materials}, {lighting}, {angle}, {quality}",Professional 3D jewelry design template,"materials, lighting, angle, quality modifiers","Stable Diffusion, Flux AI",High
REND_225,3D Rendering,Technical,Furniture Design Variation 1,"3D furniture design, {materials}, {lighting}, {angle}, {quality}",Professional 3D furniture design template,"materials, lighting, angle, quality modifiers","Stable Diffusion, Flux AI",High
REND_226,3D Rendering,Technical,Furniture Design Variation 2,"3D furniture design, {materials}, {lighting}, {angle}, {quality}",Professional 3D furniture design template,"materials, lighting, angle, quality modifiers","Stable Diffusion, Flux AI",High
REND_227,3D Rendering,Technical,Furniture Design Variation 3,"3D furniture design, {materials}, {lighting}, {angle}, {quality}",Professional 3D furniture design template,"materials, lighting, angle, quality modifiers","Stable Diffusion, Flux AI",High
REND_228,3D Rendering,Technical,Furniture Design Variation 4,"3D furniture design, {materials}, {lighting}, {angle}, {quality}",Professional 3D furniture design template,"materials, lighting, angle, quality modifiers","Stable Diffusion, Flux AI",High
REND_229,3D Rendering,Technical,Industrial Design Variation 1,"3D industrial design, {materials}, {lighting}, {angle}, {quality}",Professional 3D industrial design template,"materials, lighting, angle, quality modifiers","Stable Diffusion, Flux AI",High
REND_230,3D Rendering,Technical,Industrial Design Variation 2,"3D industrial design, {materials}, {lighting}, {angle}, {quality}",Professional 3D industrial design template,"materials, lighting, angle, quality modifiers","Stable Diffusion, Flux AI",High
REND_231,3D Rendering,Technical,Industrial Design Variation 3,"3D industrial design, {materials}, {lighting}, {angle}, {quality}",Professional 3D industrial design template,"materials, lighting, angle, quality modifiers","Stable Diffusion, Flux AI",High
REND_232,3D Rendering,Technical,Industrial Design Variation 4,"3D industrial design, {materials}, {lighting}, {angle}, {quality}",Professional 3D industrial design template,"materials, lighting, angle, quality modifiers","Stable Diffusion, Flux AI",High
REND_233,3D Rendering,Technical,Medical Visualization Variation 1,"3D medical visualization, {materials}, {lighting}, {angle}, {quality}",Professional 3D medical visualization template,"materials, lighting, angle, quality modifiers","Stable Diffusion, Flux AI",High
REND_234,3D Rendering,Technical,Medical Visualization Variation 2,"3D medical visualization, {materials}, {lighting}, {angle}, {quality}",Professional 3D medical visualization template,"materials, lighting, angle, quality modifiers","Stable Diffusion, Flux AI",High
REND_235,3D Rendering,Technical,Medical Visualization Variation 3,"3D medical visualization, {materials}, {lighting}, {angle}, {quality}",Professional 3D medical visualization template,"materials, lighting, angle, quality modifiers","Stable Diffusion, Flux AI",High
REND_236,3D Rendering,Technical,Medical Visualization Variation 4,"3D medical visualization, {materials}, {lighting}, {angle}, {quality}",Professional 3D medical visualization template,"materials, lighting, angle, quality modifiers","Stable Diffusion, Flux AI",High
REND_237,3D Rendering,Technical,Scientific Illustration Variation 1,"3D scientific illustration, {materials}, {lighting}, {angle}, {quality}",Professional 3D scientific illustration template,"materials, lighting, angle, quality modifiers","Stable Diffusion, Flux AI",High
REND_238,3D Rendering,Technical,Scientific Illustration Variation 2,"3D scientific illustration, {materials}, {lighting}, {angle}, {quality}",Professional 3D scientific illustration template,"materials, lighting, angle, quality modifiers","Stable Diffusion, Flux AI",High
REND_239,3D Rendering,Technical,Scientific Illustration Variation 3,"3D scientific illustration, {materials}, {lighting}, {angle}, {quality}",Professional 3D scientific illustration template,"materials, lighting, angle, quality modifiers","Stable Diffusion, Flux AI",High
REND_240,3D Rendering,Technical,Scientific Illustration Variation 4,"3D scientific illustration, {materials}, {lighting}, {angle}, {quality}",Professional 3D scientific illustration template,"materials, lighting, angle, quality modifiers","Stable Diffusion, Flux AI",High
REND_241,3D Rendering,Technical,Technical Drawing Variation 1,"3D technical drawing, {materials}, {lighting}, {angle}, {quality}",Professional 3D technical drawing template,"materials, lighting, angle, quality modifiers","Stable Diffusion, Flux AI",High
REND_242,3D Rendering,Technical,Technical Drawing Variation 2,"3D technical drawing, {materials}, {lighting}, {angle}, {quality}",Professional 3D technical drawing template,"materials, lighting, angle, quality modifiers","Stable Diffusion, Flux AI",High
REND_243,3D Rendering,Technical,Technical Drawing Variation 3,"3D technical drawing, {materials}, {lighting}, {angle}, {quality}",Professional 3D technical drawing template,"materials, lighting, angle, quality modifiers","Stable Diffusion, Flux AI",High
REND_244,3D Rendering,Technical,Technical Drawing Variation 4,"3D technical drawing, {materials}, {lighting}, {angle}, {quality}",Professional 3D technical drawing template,"materials, lighting, angle, quality modifiers","Stable Diffusion, Flux AI",High
REND_245,3D Rendering,Technical,Cad Model Variation 1,"3D CAD model, {materials}, {lighting}, {angle}, {quality}",Professional 3D CAD model template,"materials, lighting, angle, quality modifiers","Stable Diffusion, Flux AI",High
REND_246,3D Rendering,Technical,Cad Model Variation 2,"3D CAD model, {materials}, {lighting}, {angle}, {quality}",Professional 3D CAD model template,"materials, lighting, angle, quality modifiers","Stable Diffusion, Flux AI",High
REND_247,3D Rendering,Technical,Cad Model Variation 3,"3D CAD model, {materials}, {lighting}, {angle}, {quality}",Professional 3D CAD model template,"materials, lighting, angle, quality modifiers","Stable Diffusion, Flux AI",High
REND_248,3D Rendering,Technical,Cad Model Variation 4,"3D CAD model, {materials}, {lighting}, {angle}, {quality}",Professional 3D CAD model template,"materials, lighting, angle, quality modifiers","Stable Diffusion, Flux AI",High
REND_249,3D Rendering,Technical,Engineering Design Variation 1,"3D engineering design, {materials}, {lighting}, {angle}, {quality}",Professional 3D engineering design template,"materials, lighting, angle, quality modifiers","Stable Diffusion, Flux AI",High
REND_250,3D Rendering,Technical,Engineering Design Variation 2,"3D engineering design, {materials}, {lighting}, {angle}, {quality}",Professional 3D engineering design template,"materials, lighting, angle, quality modifiers","Stable Diffusion, Flux AI",High
REND_251,3D Rendering,Technical,Engineering Design Variation 3,"3D engineering design, {materials}, {lighting}, {angle}, {quality}",Professional 3D engineering design template,"materials, lighting, angle, quality modifiers","Stable Diffusion, Flux AI",High
REND_252,3D Rendering,Technical,Engineering Design Variation 4,"3D engineering design, {materials}, {lighting}, {angle}, {quality}",Professional 3D engineering design template,"materials, lighting, angle, quality modifiers","Stable Diffusion, Flux AI",High
ANIM_253,Anime,Character,Anime Character Portrait Variation 1,"anime character portrait, {art_style}, {colors}, {mood}, {quality}",Anime anime character portrait template,"art_style, colors, mood, quality modifiers","Midjourney, NovelAI",Medium
ANIM_254,Anime,Character,Anime Character Portrait Variation 2,"anime character portrait, {art_style}, {colors}, {mood}, {quality}",Anime anime character portrait template,"art_style, colors, mood, quality modifiers","Midjourney, NovelAI",Medium
ANIM_255,Anime,Character,Anime Character Portrait Variation 3,"anime character portrait, {art_style}, {colors}, {mood}, {quality}",Anime anime character portrait template,"art_style, colors, mood, quality modifiers","Midjourney, NovelAI",Medium
ANIM_256,Anime,Character,Anime Character Portrait Variation 4,"anime character portrait, {art_style}, {colors}, {mood}, {quality}",Anime anime character portrait template,"art_style, colors, mood, quality modifiers","Midjourney, NovelAI",Medium
ANIM_257,Anime,Character,Anime Character Portrait Variation 5,"anime character portrait, {art_style}, {colors}, {mood}, {quality}",Anime anime character portrait template,"art_style, colors, mood, quality modifiers","Midjourney, NovelAI",Medium
ANIM_258,Anime,Character,Anime Character Portrait Variation 6,"anime character portrait, {art_style}, {colors}, {mood}, {quality}",Anime anime character portrait template,"art_style, colors, mood, quality modifiers","Midjourney, NovelAI",Medium
ANIM_259,Anime,Scene,Anime Landscape Scene Variation 1,"anime landscape scene, {art_style}, {colors}, {mood}, {quality}",Anime anime landscape scene template,"art_style, colors, mood, quality modifiers","Midjourney, NovelAI",Medium
ANIM_260,Anime,Scene,Anime Landscape Scene Variation 2,"anime landscape scene, {art_style}, {colors}, {mood}, {quality}",Anime anime landscape scene template,"art_style, colors, mood, quality modifiers","Midjourney, NovelAI",Medium
ANIM_261,Anime,Scene,Anime Landscape Scene Variation 3,"anime landscape scene, {art_style}, {colors}, {mood}, {quality}",Anime anime landscape scene template,"art_style, colors, mood, quality modifiers","Midjourney, NovelAI",Medium
ANIM_262,Anime,Scene,Anime Landscape Scene Variation 4,"anime landscape scene, {art_style}, {colors}, {mood}, {quality}",Anime anime landscape scene template,"art_style, colors, mood, quality modifiers","Midjourney, NovelAI",Medium
ANIM_263,Anime,Scene,Anime Landscape Scene Variation 5,"anime landscape scene, {art_style}, {colors}, {mood}, {quality}",Anime anime landscape scene template,"art_style, colors, mood, quality modifiers","Midjourney, NovelAI",Medium
ANIM_264,Anime,Scene,Anime Landscape Scene Variation 6,"anime landscape scene, {art_style}, {colors}, {mood}, {quality}",Anime anime landscape scene template,"art_style, colors, mood, quality modifiers","Midjourney, NovelAI",Medium
ANIM_265,Anime,Style,Manga Style Illustration Variation 1,"manga style illustration, {art_style}, {colors}, {mood}, {quality}",Anime manga style illustration template,"art_style, colors, mood, quality modifiers","Midjourney, NovelAI",Medium
ANIM_266,Anime,Style,Manga Style Illustration Variation 2,"manga style illustration, {art_style}, {colors}, {mood}, {quality}",Anime manga style illustration template,"art_style, colors, mood, quality modifiers","Midjourney, NovelAI",Medium
ANIM_267,Anime,Style,Manga Style Illustration Variation 3,"manga style illustration, {art_style}, {colors}, {mood}, {quality}",Anime manga style illustration template,"art_style, colors, mood, quality modifiers","Midjourney, NovelAI",Medium
ANIM_268,Anime,Style,Manga Style Illustration Variation 4,"manga style illustration, {art_style}, {colors}, {mood}, {quality}",Anime manga style illustration template,"art_style, colors, mood, quality modifiers","Midjourney, NovelAI",Medium
ANIM_269,Anime,Style,Manga Style Illustration Variation 5,"manga style illustration, {art_style}, {colors}, {mood}, {quality}",Anime manga style illustration template,"art_style, colors, mood, quality modifiers","Midjourney, NovelAI",Medium
ANIM_270,Anime,Style,Manga Style Illustration Variation 6,"manga style illustration, {art_style}, {colors}, {mood}, {quality}",Anime manga style illustration template,"art_style, colors, mood, quality modifiers","Midjourney, NovelAI",Medium
ANIM_271,Anime,Character,Chibi Character Design Variation 1,"chibi character design, {art_style}, {colors}, {mood}, {quality}",Anime chibi character design template,"art_style, colors, mood, quality modifiers","Midjourney, NovelAI",Medium
ANIM_272,Anime,Character,Chibi Character Design Variation 2,"chibi character design, {art_style}, {colors}, {mood}, {quality}",Anime chibi character design template,"art_style, colors, mood, quality modifiers","Midjourney, NovelAI",Medium
ANIM_273,Anime,Character,Chibi Character Design Variation 3,"chibi character design, {art_style}, {colors}, {mood}, {quality}",Anime chibi character design template,"art_style, colors, mood, quality modifiers","Midjourney, NovelAI",Medium
ANIM_274,Anime,Character,Chibi Character Design Variation 4,"chibi character design, {art_style}, {colors}, {mood}, {quality}",Anime chibi character design template,"art_style, colors, mood, quality modifiers","Midjourney, NovelAI",Medium
ANIM_275,Anime,Character,Chibi Character Design Variation 5,"chibi character design, {art_style}, {colors}, {mood}, {quality}",Anime chibi character design template,"art_style, colors, mood, quality modifiers","Midjourney, NovelAI",Medium
ANIM_276,Anime,Character,Chibi Character Design Variation 6,"chibi character design, {art_style}, {colors}, {mood}, {quality}",Anime chibi character design template,"art_style, colors, mood, quality modifiers","Midjourney, NovelAI",Medium
ANIM_277,Anime,Scene,Anime Action Scene Variation 1,"anime action scene, {art_style}, {colors}, {mood}, {quality}",Anime anime action scene template,"art_style, colors, mood, quality modifiers","Midjourney, NovelAI",Medium
ANIM_278,Anime,Scene,Anime Action Scene Variation 2,"anime action scene, {art_style}, {colors}, {mood}, {quality}",Anime anime action scene template,"art_style, colors, mood, quality modifiers","Midjourney, NovelAI",Medium
ANIM_279,Anime,Scene,Anime Action Scene Variation 3,"anime action scene, {art_style}, {colors}, {mood}, {quality}",Anime anime action scene template,"art_style, colors, mood, quality modifiers","Midjourney, NovelAI",Medium
ANIM_280,Anime,Scene,Anime Action Scene Variation 4,"anime action scene, {art_style}, {colors}, {mood}, {quality}",Anime anime action scene template,"art_style, colors, mood, quality modifiers","Midjourney, NovelAI",Medium
ANIM_281,Anime,Scene,Anime Action Scene Variation 5,"anime action scene, {art_style}, {colors}, {mood}, {quality}",Anime anime action scene template,"art_style, colors, mood, quality modifiers","Midjourney, NovelAI",Medium
ANIM_282,Anime,Scene,Anime Action Scene Variation 6,"anime action scene, {art_style}, {colors}, {mood}, {quality}",Anime anime action scene template,"art_style, colors, mood, quality modifiers","Midjourney, NovelAI",Medium
ANIM_283,Anime,Scene,School Anime Scene Variation 1,"school anime scene, {art_style}, {colors}, {mood}, {quality}",Anime school anime scene template,"art_style, colors, mood, quality modifiers","Midjourney, NovelAI",Medium
ANIM_284,Anime,Scene,School Anime Scene Variation 2,"school anime scene, {art_style}, {colors}, {mood}, {quality}",Anime school anime scene template,"art_style, colors, mood, quality modifiers","Midjourney, NovelAI",Medium
ANIM_285,Anime,Scene,School Anime Scene Variation 3,"school anime scene, {art_style}, {colors}, {mood}, {quality}",Anime school anime scene template,"art_style, colors, mood, quality modifiers","Midjourney, NovelAI",Medium
ANIM_286,Anime,Scene,School Anime Scene Variation 4,"school anime scene, {art_style}, {colors}, {mood}, {quality}",Anime school anime scene template,"art_style, colors, mood, quality modifiers","Midjourney, NovelAI",Medium
ANIM_287,Anime,Scene,School Anime Scene Variation 5,"school anime scene, {art_style}, {colors}, {mood}, {quality}",Anime school anime scene template,"art_style, colors, mood, quality modifiers","Midjourney, NovelAI",Medium
ANIM_288,Anime,Scene,School Anime Scene Variation 6,"school anime scene, {art_style}, {colors}, {mood}, {quality}",Anime school anime scene template,"art_style, colors, mood, quality modifiers","Midjourney, NovelAI",Medium
ANIM_289,Anime,Style,Fantasy Anime Variation 1,"fantasy anime, {art_style}, {colors}, {mood}, {quality}",Anime fantasy anime template,"art_style, colors, mood, quality modifiers","Midjourney, NovelAI",Medium
ANIM_290,Anime,Style,Fantasy Anime Variation 2,"fantasy anime, {art_style}, {colors}, {mood}, {quality}",Anime fantasy anime template,"art_style, colors, mood, quality modifiers","Midjourney, NovelAI",Medium
ANIM_291,Anime,Style,Fantasy Anime Variation 3,"fantasy anime, {art_style}, {colors}, {mood}, {quality}",Anime fantasy anime template,"art_style, colors, mood, quality modifiers","Midjourney, NovelAI",Medium
ANIM_292,Anime,Style,Fantasy Anime Variation 4,"fantasy anime, {art_style}, {colors}, {mood}, {quality}",Anime fantasy anime template,"art_style, colors, mood, quality modifiers","Midjourney, NovelAI",Medium
ANIM_293,Anime,Style,Fantasy Anime Variation 5,"fantasy anime, {art_style}, {colors}, {mood}, {quality}",Anime fantasy anime template,"art_style, colors, mood, quality modifiers","Midjourney, NovelAI",Medium
ANIM_294,Anime,Style,Fantasy Anime Variation 6,"fantasy anime, {art_style}, {colors}, {mood}, {quality}",Anime fantasy anime template,"art_style, colors, mood, quality modifiers","Midjourney, NovelAI",Medium
ANIM_295,Anime,Style,Mecha Anime Design Variation 1,"mecha anime design, {art_style}, {colors}, {mood}, {quality}",Anime mecha anime design template,"art_style, colors, mood, quality modifiers","Midjourney, NovelAI",Medium
ANIM_296,Anime,Style,Mecha Anime Design Variation 2,"mecha anime design, {art_style}, {colors}, {mood}, {quality}",Anime mecha anime design template,"art_style, colors, mood, quality modifiers","Midjourney, NovelAI",Medium
ANIM_297,Anime,Style,Mecha Anime Design Variation 3,"mecha anime design, {art_style}, {colors}, {mood}, {quality}",Anime mecha anime design template,"art_style, colors, mood, quality modifiers","Midjourney, NovelAI",Medium
ANIM_298,Anime,Style,Mecha Anime Design Variation 4,"mecha anime design, {art_style}, {colors}, {mood}, {quality}",Anime mecha anime design template,"art_style, colors, mood, quality modifiers","Midjourney, NovelAI",Medium
ANIM_299,Anime,Style,Mecha Anime Design Variation 5,"mecha anime design, {art_style}, {colors}, {mood}, {quality}",Anime mecha anime design template,"art_style, colors, mood, quality modifiers","Midjourney, NovelAI",Medium
ANIM_300,Anime,Style,Mecha Anime Design Variation 6,"mecha anime design, {art_style}, {colors}, {mood}, {quality}",Anime mecha anime design template,"art_style, colors, mood, quality modifiers","Midjourney, NovelAI",Medium
ANIM_301,Anime,Character,Magical Girl Character Variation 1,"magical girl character, {art_style}, {colors}, {mood}, {quality}",Anime magical girl character template,"art_style, colors, mood, quality modifiers","Midjourney, NovelAI",Medium
ANIM_302,Anime,Character,Magical Girl Character Variation 2,"magical girl character, {art_style}, {colors}, {mood}, {quality}",Anime magical girl character template,"art_style, colors, mood, quality modifiers","Midjourney, NovelAI",Medium
ANIM_303,Anime,Character,Magical Girl Character Variation 3,"magical girl character, {art_style}, {colors}, {mood}, {quality}",Anime magical girl character template,"art_style, colors, mood, quality modifiers","Midjourney, NovelAI",Medium
ANIM_304,Anime,Character,Magical Girl Character Variation 4,"magical girl character, {art_style}, {colors}, {mood}, {quality}",Anime magical girl character template,"art_style, colors, mood, quality modifiers","Midjourney, NovelAI",Medium
ANIM_305,Anime,Character,Magical Girl Character Variation 5,"magical girl character, {art_style}, {colors}, {mood}, {quality}",Anime magical girl character template,"art_style, colors, mood, quality modifiers","Midjourney, NovelAI",Medium
ANIM_306,Anime,Character,Magical Girl Character Variation 6,"magical girl character, {art_style}, {colors}, {mood}, {quality}",Anime magical girl character template,"art_style, colors, mood, quality modifiers","Midjourney, NovelAI",Medium
ANIM_307,Anime,Style,Anime Villain Design Variation 1,"anime villain design, {art_style}, {colors}, {mood}, {quality}",Anime anime villain design template,"art_style, colors, mood, quality modifiers","Midjourney, NovelAI",Medium
ANIM_308,Anime,Style,Anime Villain Design Variation 2,"anime villain design, {art_style}, {colors}, {mood}, {quality}",Anime anime villain design template,"art_style, colors, mood, quality modifiers","Midjourney, NovelAI",Medium
ANIM_309,Anime,Style,Anime Villain Design Variation 3,"anime villain design, {art_style}, {colors}, {mood}, {quality}",Anime anime villain design template,"art_style, colors, mood, quality modifiers","Midjourney, NovelAI",Medium
ANIM_310,Anime,Style,Anime Villain Design Variation 4,"anime villain design, {art_style}, {colors}, {mood}, {quality}",Anime anime villain design template,"art_style, colors, mood, quality modifiers","Midjourney, NovelAI",Medium
ANIM_311,Anime,Style,Anime Villain Design Variation 5,"anime villain design, {art_style}, {colors}, {mood}, {quality}",Anime anime villain design template,"art_style, colors, mood, quality modifiers","Midjourney, NovelAI",Medium
ANIM_312,Anime,Style,Anime Villain Design Variation 6,"anime villain design, {art_style}, {colors}, {mood}, {quality}",Anime anime villain design template,"art_style, colors, mood, quality modifiers","Midjourney, NovelAI",Medium
ANIM_313,Anime,Scene,Slice Of Life Scene Variation 1,"slice of life scene, {art_style}, {colors}, {mood}, {quality}",Anime slice of life scene template,"art_style, colors, mood, quality modifiers","Midjourney, NovelAI",Medium
ANIM_314,Anime,Scene,Slice Of Life Scene Variation 2,"slice of life scene, {art_style}, {colors}, {mood}, {quality}",Anime slice of life scene template,"art_style, colors, mood, quality modifiers","Midjourney, NovelAI",Medium
ANIM_315,Anime,Scene,Slice Of Life Scene Variation 3,"slice of life scene, {art_style}, {colors}, {mood}, {quality}",Anime slice of life scene template,"art_style, colors, mood, quality modifiers","Midjourney, NovelAI",Medium
ANIM_316,Anime,Scene,Slice Of Life Scene Variation 4,"slice of life scene, {art_style}, {colors}, {mood}, {quality}",Anime slice of life scene template,"art_style, colors, mood, quality modifiers","Midjourney, NovelAI",Medium
ANIM_317,Anime,Scene,Slice Of Life Scene Variation 5,"slice of life scene, {art_style}, {colors}, {mood}, {quality}",Anime slice of life scene template,"art_style, colors, mood, quality modifiers","Midjourney, NovelAI",Medium
ANIM_318,Anime,Scene,Slice Of Life Scene Variation 6,"slice of life scene, {art_style}, {colors}, {mood}, {quality}",Anime slice of life scene template,"art_style, colors, mood, quality modifiers","Midjourney, NovelAI",Medium
ANIM_319,Anime,Style,Anime Food Illustration Variation 1,"anime food illustration, {art_style}, {colors}, {mood}, {quality}",Anime anime food illustration template,"art_style, colors, mood, quality modifiers","Midjourney, NovelAI",Medium
ANIM_320,Anime,Style,Anime Food Illustration Variation 2,"anime food illustration, {art_style}, {colors}, {mood}, {quality}",Anime anime food illustration template,"art_style, colors, mood, quality modifiers","Midjourney, NovelAI",Medium
ANIM_321,Anime,Style,Anime Food Illustration Variation 3,"anime food illustration, {art_style}, {colors}, {mood}, {quality}",Anime anime food illustration template,"art_style, colors, mood, quality modifiers","Midjourney, NovelAI",Medium
ANIM_322,Anime,Style,Anime Food Illustration Variation 4,"anime food illustration, {art_style}, {colors}, {mood}, {quality}",Anime anime food illustration template,"art_style, colors, mood, quality modifiers","Midjourney, NovelAI",Medium
ANIM_323,Anime,Style,Anime Food Illustration Variation 5,"anime food illustration, {art_style}, {colors}, {mood}, {quality}",Anime anime food illustration template,"art_style, colors, mood, quality modifiers","Midjourney, NovelAI",Medium
ANIM_324,Anime,Style,Anime Food Illustration Variation 6,"anime food illustration, {art_style}, {colors}, {mood}, {quality}",Anime anime food illustration template,"art_style, colors, mood, quality modifiers","Midjourney, NovelAI",Medium
ANIM_325,Anime,Style,Anime Cityscape Variation 1,"anime cityscape, {art_style}, {colors}, {mood}, {quality}",Anime anime cityscape template,"art_style, colors, mood, quality modifiers","Midjourney, NovelAI",Medium
ANIM_326,Anime,Style,Anime Cityscape Variation 2,"anime cityscape, {art_style}, {colors}, {mood}, {quality}",Anime anime cityscape template,"art_style, colors, mood, quality modifiers","Midjourney, NovelAI",Medium
ANIM_327,Anime,Style,Anime Cityscape Variation 3,"anime cityscape, {art_style}, {colors}, {mood}, {quality}",Anime anime cityscape template,"art_style, colors, mood, quality modifiers","Midjourney, NovelAI",Medium
ANIM_328,Anime,Style,Anime Cityscape Variation 4,"anime cityscape, {art_style}, {colors}, {mood}, {quality}",Anime anime cityscape template,"art_style, colors, mood, quality modifiers","Midjourney, NovelAI",Medium
ANIM_329,Anime,Style,Anime Cityscape Variation 5,"anime cityscape, {art_style}, {colors}, {mood}, {quality}",Anime anime cityscape template,"art_style, colors, mood, quality modifiers","Midjourney, NovelAI",Medium
ANIM_330,Anime,Style,Anime Cityscape Variation 6,"anime cityscape, {art_style}, {colors}, {mood}, {quality}",Anime anime cityscape template,"art_style, colors, mood, quality modifiers","Midjourney, NovelAI",Medium
ABST_331,Abstract,Geometric,Geometric Abstract Composition Variation 1,"geometric abstract composition, {shapes}, {colors}, {composition}, {quality}",Abstract geometric abstract composition template,"shapes, colors, composition, quality modifiers",All platforms,Medium
ABST_332,Abstract,Geometric,Geometric Abstract Composition Variation 2,"geometric abstract composition, {shapes}, {colors}, {composition}, {quality}",Abstract geometric abstract composition template,"shapes, colors, composition, quality modifiers",All platforms,Medium
ABST_333,Abstract,Geometric,Geometric Abstract Composition Variation 3,"geometric abstract composition, {shapes}, {colors}, {composition}, {quality}",Abstract geometric abstract composition template,"shapes, colors, composition, quality modifiers",All platforms,Medium
ABST_334,Abstract,Geometric,Geometric Abstract Composition Variation 4,"geometric abstract composition, {shapes}, {colors}, {composition}, {quality}",Abstract geometric abstract composition template,"shapes, colors, composition, quality modifiers",All platforms,Medium
ABST_335,Abstract,Geometric,Geometric Abstract Composition Variation 5,"geometric abstract composition, {shapes}, {colors}, {composition}, {quality}",Abstract geometric abstract composition template,"shapes, colors, composition, quality modifiers",All platforms,Medium
ABST_336,Abstract,Geometric,Geometric Abstract Composition Variation 6,"geometric abstract composition, {shapes}, {colors}, {composition}, {quality}",Abstract geometric abstract composition template,"shapes, colors, composition, quality modifiers",All platforms,Medium
ABST_337,Abstract,Fluid,Fluid Abstract Art Variation 1,"fluid abstract art, {shapes}, {colors}, {composition}, {quality}",Abstract fluid abstract art template,"shapes, colors, composition, quality modifiers",All platforms,Medium
ABST_338,Abstract,Fluid,Fluid Abstract Art Variation 2,"fluid abstract art, {shapes}, {colors}, {composition}, {quality}",Abstract fluid abstract art template,"shapes, colors, composition, quality modifiers",All platforms,Medium
ABST_339,Abstract,Fluid,Fluid Abstract Art Variation 3,"fluid abstract art, {shapes}, {colors}, {composition}, {quality}",Abstract fluid abstract art template,"shapes, colors, composition, quality modifiers",All platforms,Medium
ABST_340,Abstract,Fluid,Fluid Abstract Art Variation 4,"fluid abstract art, {shapes}, {colors}, {composition}, {quality}",Abstract fluid abstract art template,"shapes, colors, composition, quality modifiers",All platforms,Medium
ABST_341,Abstract,Fluid,Fluid Abstract Art Variation 5,"fluid abstract art, {shapes}, {colors}, {composition}, {quality}",Abstract fluid abstract art template,"shapes, colors, composition, quality modifiers",All platforms,Medium
ABST_342,Abstract,Fluid,Fluid Abstract Art Variation 6,"fluid abstract art, {shapes}, {colors}, {composition}, {quality}",Abstract fluid abstract art template,"shapes, colors, composition, quality modifiers",All platforms,Medium
ABST_343,Abstract,Experimental,Minimalist Design Variation 1,"minimalist design, {shapes}, {colors}, {composition}, {quality}",Abstract minimalist design template,"shapes, colors, composition, quality modifiers",All platforms,Medium
ABST_344,Abstract,Experimental,Minimalist Design Variation 2,"minimalist design, {shapes}, {colors}, {composition}, {quality}",Abstract minimalist design template,"shapes, colors, composition, quality modifiers",All platforms,Medium
ABST_345,Abstract,Experimental,Minimalist Design Variation 3,"minimalist design, {shapes}, {colors}, {composition}, {quality}",Abstract minimalist design template,"shapes, colors, composition, quality modifiers",All platforms,Medium
ABST_346,Abstract,Experimental,Minimalist Design Variation 4,"minimalist design, {shapes}, {colors}, {composition}, {quality}",Abstract minimalist design template,"shapes, colors, composition, quality modifiers",All platforms,Medium
ABST_347,Abstract,Experimental,Minimalist Design Variation 5,"minimalist design, {shapes}, {colors}, {composition}, {quality}",Abstract minimalist design template,"shapes, colors, composition, quality modifiers",All platforms,Medium
ABST_348,Abstract,Experimental,Minimalist Design Variation 6,"minimalist design, {shapes}, {colors}, {composition}, {quality}",Abstract minimalist design template,"shapes, colors, composition, quality modifiers",All platforms,Medium
ABST_349,Abstract,Experimental,Color Field Painting Variation 1,"color field painting, {shapes}, {colors}, {composition}, {quality}",Abstract color field painting template,"shapes, colors, composition, quality modifiers",All platforms,Medium
ABST_350,Abstract,Experimental,Color Field Painting Variation 2,"color field painting, {shapes}, {colors}, {composition}, {quality}",Abstract color field painting template,"shapes, colors, composition, quality modifiers",All platforms,Medium
ABST_351,Abstract,Experimental,Color Field Painting Variation 3,"color field painting, {shapes}, {colors}, {composition}, {quality}",Abstract color field painting template,"shapes, colors, composition, quality modifiers",All platforms,Medium
ABST_352,Abstract,Experimental,Color Field Painting Variation 4,"color field painting, {shapes}, {colors}, {composition}, {quality}",Abstract color field painting template,"shapes, colors, composition, quality modifiers",All platforms,Medium
ABST_353,Abstract,Experimental,Color Field Painting Variation 5,"color field painting, {shapes}, {colors}, {composition}, {quality}",Abstract color field painting template,"shapes, colors, composition, quality modifiers",All platforms,Medium
ABST_354,Abstract,Experimental,Color Field Painting Variation 6,"color field painting, {shapes}, {colors}, {composition}, {quality}",Abstract color field painting template,"shapes, colors, composition, quality modifiers",All platforms,Medium
ABST_355,Abstract,Experimental,Abstract Expressionist Piece Variation 1,"abstract expressionist piece, {shapes}, {colors}, {composition}, {quality}",Abstract abstract expressionist piece template,"shapes, colors, composition, quality modifiers",All platforms,Medium
ABST_356,Abstract,Experimental,Abstract Expressionist Piece Variation 2,"abstract expressionist piece, {shapes}, {colors}, {composition}, {quality}",Abstract abstract expressionist piece template,"shapes, colors, composition, quality modifiers",All platforms,Medium
ABST_357,Abstract,Experimental,Abstract Expressionist Piece Variation 3,"abstract expressionist piece, {shapes}, {colors}, {composition}, {quality}",Abstract abstract expressionist piece template,"shapes, colors, composition, quality modifiers",All platforms,Medium
ABST_358,Abstract,Experimental,Abstract Expressionist Piece Variation 4,"abstract expressionist piece, {shapes}, {colors}, {composition}, {quality}",Abstract abstract expressionist piece template,"shapes, colors, composition, quality modifiers",All platforms,Medium
ABST_359,Abstract,Experimental,Abstract Expressionist Piece Variation 5,"abstract expressionist piece, {shapes}, {colors}, {composition}, {quality}",Abstract abstract expressionist piece template,"shapes, colors, composition, quality modifiers",All platforms,Medium
ABST_360,Abstract,Experimental,Abstract Expressionist Piece Variation 6,"abstract expressionist piece, {shapes}, {colors}, {composition}, {quality}",Abstract abstract expressionist piece template,"shapes, colors, composition, quality modifiers",All platforms,Medium
ABST_361,Abstract,Experimental,Contemporary Abstract Variation 1,"contemporary abstract, {shapes}, {colors}, {composition}, {quality}",Abstract contemporary abstract template,"shapes, colors, composition, quality modifiers",All platforms,Medium
ABST_362,Abstract,Experimental,Contemporary Abstract Variation 2,"contemporary abstract, {shapes}, {colors}, {composition}, {quality}",Abstract contemporary abstract template,"shapes, colors, composition, quality modifiers",All platforms,Medium
ABST_363,Abstract,Experimental,Contemporary Abstract Variation 3,"contemporary abstract, {shapes}, {colors}, {composition}, {quality}",Abstract contemporary abstract template,"shapes, colors, composition, quality modifiers",All platforms,Medium
ABST_364,Abstract,Experimental,Contemporary Abstract Variation 4,"contemporary abstract, {shapes}, {colors}, {composition}, {quality}",Abstract contemporary abstract template,"shapes, colors, composition, quality modifiers",All platforms,Medium
ABST_365,Abstract,Experimental,Contemporary Abstract Variation 5,"contemporary abstract, {shapes}, {colors}, {composition}, {quality}",Abstract contemporary abstract template,"shapes, colors, composition, quality modifiers",All platforms,Medium
ABST_366,Abstract,Experimental,Contemporary Abstract Variation 6,"contemporary abstract, {shapes}, {colors}, {composition}, {quality}",Abstract contemporary abstract template,"shapes, colors, composition, quality modifiers",All platforms,Medium
ABST_367,Abstract,Experimental,Digital Abstract Art Variation 1,"digital abstract art, {shapes}, {colors}, {composition}, {quality}",Abstract digital abstract art template,"shapes, colors, composition, quality modifiers",All platforms,Medium
ABST_368,Abstract,Experimental,Digital Abstract Art Variation 2,"digital abstract art, {shapes}, {colors}, {composition}, {quality}",Abstract digital abstract art template,"shapes, colors, composition, quality modifiers",All platforms,Medium
ABST_369,Abstract,Experimental,Digital Abstract Art Variation 3,"digital abstract art, {shapes}, {colors}, {composition}, {quality}",Abstract digital abstract art template,"shapes, colors, composition, quality modifiers",All platforms,Medium
ABST_370,Abstract,Experimental,Digital Abstract Art Variation 4,"digital abstract art, {shapes}, {colors}, {composition}, {quality}",Abstract digital abstract art template,"shapes, colors, composition, quality modifiers",All platforms,Medium
ABST_371,Abstract,Experimental,Digital Abstract Art Variation 5,"digital abstract art, {shapes}, {colors}, {composition}, {quality}",Abstract digital abstract art template,"shapes, colors, composition, quality modifiers",All platforms,Medium
ABST_372,Abstract,Experimental,Digital Abstract Art Variation 6,"digital abstract art, {shapes}, {colors}, {composition}, {quality}",Abstract digital abstract art template,"shapes, colors, composition, quality modifiers",All platforms,Medium
ABST_373,Abstract,Experimental,Textural Abstract Variation 1,"textural abstract, {shapes}, {colors}, {composition}, {quality}",Abstract textural abstract template,"shapes, colors, composition, quality modifiers",All platforms,Medium
ABST_374,Abstract,Experimental,Textural Abstract Variation 2,"textural abstract, {shapes}, {colors}, {composition}, {quality}",Abstract textural abstract template,"shapes, colors, composition, quality modifiers",All platforms,Medium
ABST_375,Abstract,Experimental,Textural Abstract Variation 3,"textural abstract, {shapes}, {colors}, {composition}, {quality}",Abstract textural abstract template,"shapes, colors, composition, quality modifiers",All platforms,Medium
ABST_376,Abstract,Experimental,Textural Abstract Variation 4,"textural abstract, {shapes}, {colors}, {composition}, {quality}",Abstract textural abstract template,"shapes, colors, composition, quality modifiers",All platforms,Medium
ABST_377,Abstract,Experimental,Textural Abstract Variation 5,"textural abstract, {shapes}, {colors}, {composition}, {quality}",Abstract textural abstract template,"shapes, colors, composition, quality modifiers",All platforms,Medium
ABST_378,Abstract,Experimental,Textural Abstract Variation 6,"textural abstract, {shapes}, {colors}, {composition}, {quality}",Abstract textural abstract template,"shapes, colors, composition, quality modifiers",All platforms,Medium
ABST_379,Abstract,Experimental,Organic Abstract Forms Variation 1,"organic abstract forms, {shapes}, {colors}, {composition}, {quality}",Abstract organic abstract forms template,"shapes, colors, composition, quality modifiers",All platforms,Medium
ABST_380,Abstract,Experimental,Organic Abstract Forms Variation 2,"organic abstract forms, {shapes}, {colors}, {composition}, {quality}",Abstract organic abstract forms template,"shapes, colors, composition, quality modifiers",All platforms,Medium
ABST_381,Abstract,Experimental,Organic Abstract Forms Variation 3,"organic abstract forms, {shapes}, {colors}, {composition}, {quality}",Abstract organic abstract forms template,"shapes, colors, composition, quality modifiers",All platforms,Medium
ABST_382,Abstract,Experimental,Organic Abstract Forms Variation 4,"organic abstract forms, {shapes}, {colors}, {composition}, {quality}",Abstract organic abstract forms template,"shapes, colors, composition, quality modifiers",All platforms,Medium
ABST_383,Abstract,Experimental,Organic Abstract Forms Variation 5,"organic abstract forms, {shapes}, {colors}, {composition}, {quality}",Abstract organic abstract forms template,"shapes, colors, composition, quality modifiers",All platforms,Medium
ABST_384,Abstract,Experimental,Organic Abstract Forms Variation 6,"organic abstract forms, {shapes}, {colors}, {composition}, {quality}",Abstract organic abstract forms template,"shapes, colors, composition, quality modifiers",All platforms,Medium
ABST_385,Abstract,Experimental,Architectural Abstract Variation 1,"architectural abstract, {shapes}, {colors}, {composition}, {quality}",Abstract architectural abstract template,"shapes, colors, composition, quality modifiers",All platforms,Medium
ABST_386,Abstract,Experimental,Architectural Abstract Variation 2,"architectural abstract, {shapes}, {colors}, {composition}, {quality}",Abstract architectural abstract template,"shapes, colors, composition, quality modifiers",All platforms,Medium
ABST_387,Abstract,Experimental,Architectural Abstract Variation 3,"architectural abstract, {shapes}, {colors}, {composition}, {quality}",Abstract architectural abstract template,"shapes, colors, composition, quality modifiers",All platforms,Medium
ABST_388,Abstract,Experimental,Architectural Abstract Variation 4,"architectural abstract, {shapes}, {colors}, {composition}, {quality}",Abstract architectural abstract template,"shapes, colors, composition, quality modifiers",All platforms,Medium
ABST_389,Abstract,Experimental,Architectural Abstract Variation 5,"architectural abstract, {shapes}, {colors}, {composition}, {quality}",Abstract architectural abstract template,"shapes, colors, composition, quality modifiers",All platforms,Medium
ABST_390,Abstract,Experimental,Architectural Abstract Variation 6,"architectural abstract, {shapes}, {colors}, {composition}, {quality}",Abstract architectural abstract template,"shapes, colors, composition, quality modifiers",All platforms,Medium
ABST_391,Abstract,Experimental,Nature-Inspired Abstract Variation 1,"nature-inspired abstract, {shapes}, {colors}, {composition}, {quality}",Abstract nature-inspired abstract template,"shapes, colors, composition, quality modifiers",All platforms,Medium
ABST_392,Abstract,Experimental,Nature-Inspired Abstract Variation 2,"nature-inspired abstract, {shapes}, {colors}, {composition}, {quality}",Abstract nature-inspired abstract template,"shapes, colors, composition, quality modifiers",All platforms,Medium
ABST_393,Abstract,Experimental,Nature-Inspired Abstract Variation 3,"nature-inspired abstract, {shapes}, {colors}, {composition}, {quality}",Abstract nature-inspired abstract template,"shapes, colors, composition, quality modifiers",All platforms,Medium
ABST_394,Abstract,Experimental,Nature-Inspired Abstract Variation 4,"nature-inspired abstract, {shapes}, {colors}, {composition}, {quality}",Abstract nature-inspired abstract template,"shapes, colors, composition, quality modifiers",All platforms,Medium
ABST_395,Abstract,Experimental,Nature-Inspired Abstract Variation 5,"nature-inspired abstract, {shapes}, {colors}, {composition}, {quality}",Abstract nature-inspired abstract template,"shapes, colors, composition, quality modifiers",All platforms,Medium
ABST_396,Abstract,Experimental,Nature-Inspired Abstract Variation 6,"nature-inspired abstract, {shapes}, {colors}, {composition}, {quality}",Abstract nature-inspired abstract template,"shapes, colors, composition, quality modifiers",All platforms,Medium
ABST_397,Abstract,Experimental,Emotional Abstract Variation 1,"emotional abstract, {shapes}, {colors}, {composition}, {quality}",Abstract emotional abstract template,"shapes, colors, composition, quality modifiers",All platforms,Medium
ABST_398,Abstract,Experimental,Emotional Abstract Variation 2,"emotional abstract, {shapes}, {colors}, {composition}, {quality}",Abstract emotional abstract template,"shapes, colors, composition, quality modifiers",All platforms,Medium
ABST_399,Abstract,Experimental,Emotional Abstract Variation 3,"emotional abstract, {shapes}, {colors}, {composition}, {quality}",Abstract emotional abstract template,"shapes, colors, composition, quality modifiers",All platforms,Medium
ABST_400,Abstract,Experimental,Emotional Abstract Variation 4,"emotional abstract, {shapes}, {colors}, {composition}, {quality}",Abstract emotional abstract template,"shapes, colors, composition, quality modifiers",All platforms,Medium
ABST_401,Abstract,Experimental,Emotional Abstract Variation 5,"emotional abstract, {shapes}, {colors}, {composition}, {quality}",Abstract emotional abstract template,"shapes, colors, composition, quality modifiers",All platforms,Medium
ABST_402,Abstract,Experimental,Emotional Abstract Variation 6,"emotional abstract, {shapes}, {colors}, {composition}, {quality}",Abstract emotional abstract template,"shapes, colors, composition, quality modifiers",All platforms,Medium
